<?xml version="1.0" encoding="UTF-8"?>
<deploy xmlns="http://www.apache.org/ode/schemas/dd/2007/03" xmlns:BuildPlan="http://types.opentosca.org/InstallVMServTemplate/BuildPlan" xmlns:ec2linux.aws.ia.opentosca.org="http://ec2linux.aws.ia.opentosca.org" xmlns:ec2vm.aws.ia.opentosca.org="http://ec2vm.aws.ia.opentosca.org" xmlns:wsdl="http://siserver.org/wsdl">
  <process name="BuildPlan:InstallVMServTemplateBuildPlan">
    <active>true</active>
    <retired>false</retired>
    <process-events generate="all"/>
    <provide partnerLink="client">
      <service name="BuildPlan:InstallVMServTemplateBuildPlanService" port="InstallVMServTemplateBuildPlanPort"/>
    </provide>
    <provide partnerLink="SIInvokerPL">
      <service name="BuildPlan:InstallVMServTemplateBuildPlanSICallbackService" port="InstallVMServTemplateBuildPlanSICallbackPort"/>
    </provide>
    <invoke partnerLink="client">
      <service name="BuildPlan:InstallVMServTemplateBuildPlanServiceCallback" port="InstallVMServTemplateBuildPlanPortCallbackPort"/>
    </invoke>    
    <invoke partnerLink="SIInvokerPL">
      <service name="wsdl:InvokerService" port="InvokePort"/>
    </invoke>
  </process>
</deploy>
